Comparison,Treatment,Count,Total,Percent,Increased,Decreased
30R vs 27R,Warming,5,677,0.738552437,0.59084195,0.147710487
30L vs 27L,Warming,7,677,1.033973412,0,1.033973412
27L vs 27R,Fe limitation,39,677,5.76070901,0.738552437,5.022156573
30L vs 30R,Fe limitation,43,677,6.35155096,0.295420975,6.056129985
30L vs 27R,Warming x Fe limitation,76,677,11.22599705,0.886262925,10.33973412