Comparison,Treatment,Count,Total,Percent,Increased,Decreased
30R vs 27R,Warming,4,617,0.648298217,0.324149109,0.324149109
30L vs 27L,Warming,12,617,1.944894652,0.486223663,1.458670989
27L vs 27R,Fe limitation,109,617,17.66612642,2.593192869,15.07293355
30L vs 30R,Fe limitation,178,617,28.84927066,4.862236629,23.98703404
30L vs 27R,Warming x Fe limitation,169,617,27.39059968,3.889789303,23.50081037